Fernando Botana,11111111a,3-12-1999,C/Pablo picasso num.x piso x a Coruña,985214753
Luis Barrio,22222222b,12-5-2000,C/Pablo picasso num.x piso x a Coruña,981365247
Roberto Fernandez,33333333c,12-12-1975,C/Pablo picasso num.x piso x a Coruña,654987321
Manuel Gonzalez,44444444d,9-3-1960,C/Pablo picasso num.x piso x a Coruña,698432189
Maria Rodriguez,55555555e,7-6-1980,C/Pablo picasso num.x piso x a Coruña,618328647
Alba Barros,66666666f,1-2-1980,C/Pablo picasso num.x piso x a Coruña,693172845
Fernando Botana,11111111a,3-12-1999,C/Pablo picasso num.x piso x a Coruña,985214753
Luis Barrio,22222222b,12-5-2000,C/Pablo picasso num.x piso x a Coruña,981365247
Roberto Fernandez,33333333c,12-12-1975,C/Pablo picasso num.x piso x a Coruña,654987321
Manuel Gonzalez,44444444d,9-3-1960,C/Pablo picasso num.x piso x a Coruña,698432189
Maria Rodriguez,55555555e,7-6-1980,C/Pablo picasso num.x piso x a Coruña,618328647
Alba Barros,66666666f,1-2-1980,C/Pablo picasso num.x piso x a Coruña,693172845
Fernando Botana,11111111a,3-12-1999,C/Pablo picasso num.x piso x a Coruña,985214753
Luis Barrio,22222222b,12-5-2000,C/Pablo picasso num.x piso x a Coruña,981365247
Roberto Fernandez,33333333c,12-12-1975,C/Pablo picasso num.x piso x a Coruña,654987321
Manuel Gonzalez,44444444d,9-3-1960,C/Pablo picasso num.x piso x a Coruña,698432189
Maria Rodriguez,55555555e,7-6-1980,C/Pablo picasso num.x piso x a Coruña,618328647
Alba Barros,66666666f,1-2-1980,C/Pablo picasso num.x piso x a Coruña,693172845